Algorithm,Sample,Result,Time
BASE,10,72,0.027585744857788086
BASE,100,684,0.10579109191894531
BASE,1000,6339,0.7503423690795898
BASE,10000,63160,7.088270664215088
