Algorithm,Sample,Result,Time
MEMETIC ALGORITHM,10,77,1.0369601249694824
MEMETIC ALGORITHM,100,664,21.756445169448853
MEMETIC ALGORITHM,1000,6454,350.00037956237793
MEMETIC ALGORITHM,10000,63046,500.00409865379333
